id,build_number,build_url,build_area,build_holding_point_personal,build_holding_point_all,build_type_use,use_partition,yfcase_id,created_at,updated_at,buildCity,buildTownship,buildArea,buildStreet,buildRoad,buildSegment,buildLane,buildDo,buildNumber,buildFloor,buildBigSegment,buildSmallSegment,buildLot,buildLevel1,buildLevel2,buildLevel3,buildLevel4,buildOther1,buildOther2,buildUse,buildScopeOfArea,buildScopeOfRights,buildRemarks,buildTotalArea,buildLandNumber,mainBuildLevel1,mainBuildLevel2,mainBuildLevel3,mainBuildLevel4,mainBuildLevel5,mainBuildConstruction1,mainBuildConstruction2,mainBuildConstruction3,mainBuildConstruction4,mainBuildConstruction5,mainBuildArea1,mainBuildArea2,mainBuildArea3,mainBuildArea4,mainBuildArea5,publicBuildNumber1,publicBuildNumber2,publicBuildNumber3,publicBuildNumber4,publicBuildArea1,publicBuildArea2,publicBuildArea3,publicBuildArea4,publicBuildHP1,publicBuildHP2,publicBuildHP3,publicBuildHP4,subBuildUse1,subBuildUse2,subBuildUse3,subBuildArea1,subBuildArea2,subBuildArea3
1,135,"",73.76,1,18,2透天厝,第一種住宅區,1,2020-07-20 06:31:02.762886,2020-07-20 06:31:02.762886,,,,,"",,"","","","",,,"","","","","","","","","",,"","",,,,,,,,,,,,,,,,,,,,,,,,,,,,,,,,,,
2,3441,"",120.75,1,18,2透天厝,第一種住宅區,1,2020-07-20 06:31:02.769472,2020-07-20 06:31:02.769472,,,,,"",,"","","","",,,"","","","","","","","","",,"","",,,,,,,,,,,,,,,,,,,,,,,,,,,,,,,,,,
3,188,"",65.60,1,4,1公寓(5樓含以下無電梯),第一種住宅區,2,2020-07-20 06:42:40.680946,2020-07-20 06:42:40.680946,,,,,"",,"","","","",,,"","","","","","","","","",,"","",,,,,,,,,,,,,,,,,,,,,,,,,,,,,,,,,,
4,4245,"",46.41,1,4,1公寓(5樓含以下無電梯),第一種住宅區,2,2020-07-20 06:42:40.683137,2020-07-20 06:42:40.683137,,,,,"",,"","","","",,,"","","","","","","","","",,"","",,,,,,,,,,,,,,,,,,,,,,,,,,,,,,,,,,
11,27371,"",151.96,1,5,2透天厝,第一種住宅區,7,2020-07-20 08:00:39.479306,2020-07-20 08:00:39.479306,,,,,"",,"","","","",,,"","","","","","","","","",,"","",,,,,,,,,,,,,,,,,,,,,,,,,,,,,,,,,,
14,806,"",110.12,1,6,1公寓(5樓含以下無電梯),第一種住宅區,9,2020-07-20 08:08:41.523516,2020-07-20 08:08:41.523516,,,,,"",,"","","","",,,"","","","","","","","","",,"","",,,,,,,,,,,,,,,,,,,,,,,,,,,,,,,,,,
23,2583,https://drive.google.com/drive/u/1/folders/1jrs2PEF43gToupM1KtKNRNqRcTELhiSw,80.10,1,6,1公寓(5樓含以下無電梯),第一種住宅區,18,2020-08-04 06:36:02.121963,2020-08-08 08:14:02.600163,,,,,"","","","","","",,,"","","","","","","","","",,"","","",,,,,,,,,,,,,,,,,,,,,,,,,,,,,,,,,
25,2590,https://drive.google.com/drive/u/0/folders/1jrs2PEF43gToupM1KtKNRNqRcTELhiSw,152.46,1,8,0公設,第一種住宅區,18,2020-08-06 12:33:13.651031,2020-08-08 08:14:02.6154,,,,,"","","","","","",,,"","","","","","","","","",,"","","",,,,,,,,,,,,,,,,,,,,,,,,,,,,,,,,,
28,4220,"",71.75,1,3,1公寓(5樓含以下無電梯),第一種住宅區,21,2020-08-13 15:15:54.144194,2020-08-13 15:15:54.144194,,,,,"","","","","","",,,,"","","","","","","","",,"","","",,,,,,,,,,,,,,,,,,,,,,,,,,,,,,,,,
31,1066,"",123.26,1,7,2透天厝,第一種住宅區,23,2020-08-13 15:43:35.83582,2020-08-13 15:43:35.83582,,,,,"","","","","","",,,,"","","","","","","","",,"","","",,,,,,,,,,,,,,,,,,,,,,,,,,,,,,,,,
21,774,https://drive.google.com/drive/u/1/folders/1VhEp9cfB65HgsC-kFAt0mjU4wybrejiH,84.37,1,6,2透天厝,第一種住宅區,12,2020-07-20 10:20:05.912932,2020-08-31 01:26:02.435944,,,,,西門路,1,702,2,17,"",,,南門段,57.75,12.83,"","","","","",9.25,,"","",18,"","","","","","","","","","","","","","","","","","","","","","","","","","","","","","","","",""
38,2295,https://drive.google.com/drive/u/0/folders/1pjirqcgu2zxwIttOFt8L-hOALQpTEqdn,122.64,1,2,2透天厝,第一種住宅區,28,2020-08-21 07:49:16.266374,2020-08-31 11:34:18.931888,,,,,"","","","","","",,,,"","","","","","","","",,"","","","","","","","","","","","","","","","","","","","","","","","","","","","","","","","","","","",""
37,增建陽台,"",2.45,1,2,12增建(持分後坪數打對折),第一種住宅區,27,2020-08-21 07:04:06.074982,2020-08-31 16:53:46.657656,,,,,"","","","","","",,,,"","","","","","","","",,"","","","","","","","","","","","","","","","","","","","","","","","","","","","","","","","","","","",""
36,470,https://drive.google.com/drive/u/0/folders/1QX6gi-7A1zXACyYmRTHEizUJIE_kJhXN,94.54,1,2,3店面(店舖),第一種住宅區,27,2020-08-21 07:04:06.07265,2020-08-31 16:53:46.666872,,,,,"","","","","","",,,,"","","","","","","","",,"","","","","","","","","","","","","","","","","","","","","","","","","","","","","","","","","","","",""
18,98,"",88.60,1,3,2透天厝,第一種住宅區,15,2020-07-20 08:25:12.121018,2020-09-01 02:13:43.464107,,,,,"","","","","","",,,"","","","","","","","","",,"","","","","","","","","","","","","","","","","","","","","","","","","","","","","","","","","","","",""
20,242,"",144.90,4,6,2透天厝,第一種住宅區,17,2020-07-20 08:33:47.681012,2020-09-02 02:52:33.792906,,,,,"","","","","","",,,"","","","","","","","","",,"","","","","","","","","","","","","","","","","","","","","","","","","","","","","","","","","","","",""
44,721,"",109.16,1,2,2透天厝,第一種住宅區,33,2020-09-02 06:02:56.987102,2020-09-02 06:02:56.987102,,,,,"","","","","","",,,,"","","","","","","","",,"","","","","","","","","","","","","","","","","","","","","","","","","","","","","","","","","","","",""
45,2761,"",119.71,1,2,12增建(持分後坪數打對折),第一種住宅區,33,2020-09-02 06:06:25.058651,2020-09-02 06:06:25.058651,,,,,"","","","","","",,,,"","","","","","","","",,"","","","","","","","","","","","","","","","","","","","","","","","","","","","","","","","","","","",""
17,984,"",100.99,1,5,1公寓(5樓含以下無電梯),第一種住宅區,14,2020-07-20 08:22:32.914319,2020-09-03 01:07:21.495444,,,,,"","","","","","",,,"","","","","","","","","",,"","","","","","","","","","","","","","","","","","","","","","","","","","","","","","","","","","","",""
33,1639,"",113.23,1,24,1公寓(5樓含以下無電梯),第一種住宅區,25,2020-08-13 16:56:37.070632,2020-09-05 09:30:03.190754,,,,,"","","","","","",,,,"","","","","","","","",,"","","","","","","","","","","","","","","","","","","","","","","","","","","","","","","","","","","",""
35,2036,"",86.42,1,3,1公寓(5樓含以下無電梯),第三種住宅區,26,2020-08-13 17:19:54.238035,2020-09-05 09:40:26.685087,,,,,"","","","","","",,,,"","","","","","","","",,"","","","","","","","","","","","","","","","","","","","","","","","","","","","","","","","","","","",""
32,1450,"",97.60,1,2,1公寓(5樓含以下無電梯),第一種住宅區,24,2020-08-13 16:14:06.1085,2020-09-05 09:47:02.521833,,,,,"","","","","","",,,,"","","","","","","","",,"","","","","","","","","","","","","","","","","","","","","","","","","","","","","","","","","","","",""
19,6059,https://drive.google.com/drive/mobile/folders/12Xo0A7PsAihvHXFfcQla0nmsZ7O-VJD7,187.06,1,8,2透天厝,第一種住宅區,16,2020-07-20 08:29:31.684504,2020-09-10 02:53:57.277975,,,,,"","","","","","",,,"","","","","","","","","",,"","","","","","","","","","","","","","","","","","","","","","","","","","","","","","","","","","","",""
43,399,"",58.64,1,3,2透天厝,第一種住宅區,32,2020-09-02 03:09:11.317648,2020-09-12 00:41:46.214314,,,,,"","","","","","",,,,"","","","","","","","",,"","","","","","","","","","","","","","","","","","","","","","","","","","","","","","","","","","","",""
12,5574,"",109.39,1,6,1公寓(5樓含以下無電梯),第一種住宅區,8,2020-07-20 08:04:52.276498,2020-10-07 09:15:21.331343,,,,,"","","","","","",,,"","","","","","","","","",,"","","","","","","","","","","","","","","","","","","","","","","","","","","","","","","","","","","",""
41,377,https://drive.google.com/drive/u/1/folders/1NxhO1EB6nIT2Lg1O5r_0S59ZSfpqDq48,91.20,1,2,2透天厝,第一種住宅區,31,2020-08-27 14:01:45.272841,2020-10-15 09:52:04.183733,,,,,"","","","","","",,,,"","","","","","","","",,"","","","","","","","","","","","","","","","","","","","","","","","","","","","","","","","","","","",""
34,3784,"",32.20,1,24,12增建(持分後坪數打對折),第一種住宅區,25,2020-08-13 16:56:37.073456,2020-09-05 09:30:03.206137,,,,,"","","","","","",,,,"","","","","","","","",,"","","","","","","","","","","","","","","","","","","","","","","","","","","","","","","","","","","",""
46,38,"",168.84,1,4,10農舍,第一種住宅區,34,2020-09-07 09:09:58.946808,2020-09-07 09:11:44.216647,,,,,新生路,"","","",52,"",,,,84.99,83.85,"","","","","",3,,"","",38,一層,二層,"","","",磚造,磚造,"","","",84.99,83.85,"","","","","","","","","","","","","","","","","","",3,"",""
29,3160,"",76.60,1,6,1公寓(5樓含以下無電梯),第一種住宅區,22,2020-08-13 15:29:41.513687,2020-11-20 13:11:33.105814,,,,,"","","","","","",,,,"","","","","","","","",,"","","","","","","","","","","","","","","","","","","","","","","","","","","","","","","","","","","",""
5,661,"",83.98,1,7,2透天厝,第一種住宅區,3,2020-07-20 06:51:10.248917,2021-03-14 13:01:53.520498,,,,,"","","","","","",,,"","","","","","","","","",,"","","","","","","","","","","","","","","","","","","","","","","","","","","","","","","","","","","",""
6,1788,"",70.61,1,7,2透天厝,第一種住宅區,3,2020-07-20 06:51:10.251994,2021-03-14 13:01:53.529081,,,,,"","","","","","",,,"","","","","","","","","",,"","","","","","","","","","","","","","","","","","","","","","","","","","","","","","","","","","","",""
16,38,"",168.84,1,4,2透天厝,第一種住宅區,11,2020-07-20 08:16:10.514703,2021-03-14 13:02:20.280125,,,,,"","","","","","",,,"","","","","","","","","",,"","","","","","","","","","","","","","","","","","","","","","","","","","","","","","","","","","","",""
39,205,https://drive.google.com/drive/u/0/folders/1fb_3B6YTM-B8Dmi8lvQD1SffqgCeWSKH,81.94,1,2,2透天厝,第一種住宅區,29,2020-08-21 08:34:15.969125,2021-04-13 16:31:28.075252,,,,,"","","","","","",,,,"","","","","","","","",,"","","","","","","","","","","","","","","","","","","","","","","","","","","","","","","","","","","",""
40,474,"",113.91,1,4,1公寓(5樓含以下無電梯),第一種住宅區,30,2020-08-25 10:34:58.539732,2021-04-13 17:06:26.364897,,,,,"","","","","","",,,,"","","","","","","","",,"","","","","","","","","","","","","","","","","","","","","","","","","","","","","","","","","","","",""
10,906,"",97.28,1,3,2透天厝,第一種住宅區,6,2020-07-20 07:55:42.559185,2021-04-13 17:07:50.607781,,,,,"","","","","","",,,"","","","","","","","","",,"","","","","","","","","","","","","","","","","","","","","","","","","","","","","","","","","","","",""
8,1254,"",84.37,1,5,6華廈(10層含以下有電梯),第一種住宅區,5,2020-07-20 07:49:29.128837,2021-04-13 17:11:19.505623,,,,,"","","","","","",,,"","","","","","","","","",,"","","","","","","","","","","","","","","","","","","","","","","","","","","","","","","","","","","",""
15,1635,https://drive.google.com/drive/folders/19qru68HgIO9M_wTfa5KeQyInRqu7GGr5,49.56,1,6,1公寓(5樓含以下無電梯),第一種住宅區,10,2020-07-20 08:12:54.696831,2021-04-14 04:38:27.762678,,,,,"","","","","","",,,"","","","","","","","","",,"","","","","","","","","","","","","","","","","","","","","","","","","","","","","","","","","","","",""
24,301,https://drive.google.com/drive/u/1/folders/101EycYhst6wW3xUD2OYxnsc2jhUufc-V,101.29,1,2,1公寓(5樓含以下無電梯),第一種住宅區,19,2020-08-04 06:53:37.27975,2021-06-30 04:49:59.428484,,,,,"","","","","","",,,"","","","","","","","","",,"","","","","","","","","","","","","","","","","","","","","","","","","","","","","","","","","","","",""
7,4664,"",76.48,1,3,1公寓(5樓含以下無電梯),第一種住宅區,4,2020-07-20 06:56:20.110244,2021-06-30 04:58:45.567349,,,,,"","","","","","",,,"","","","","","","","","",,"","","","","","","","","","","","","","","","","","","","","","","","","","","","","","","","","","","",""
47,399增建,"",53.12,1,3,12增建(持分後坪數打對折),第一種住宅區,32,2020-09-12 00:42:56.417578,2020-09-12 00:42:56.417578,,,,,"","","","","","",,,,"","","","","","","","",,"","","","","","","","","","","","","","","","","","","","","","","","","","","","","","","","","","","",""
48,370,"",66.98,4,6,2透天厝,第一種住宅區,36,2020-09-14 02:45:56.317252,2020-09-14 02:45:56.317252,,,,,瑞興街,"",102,"",18,"",,,,33.49,33.49,"","","","","","",,"","","",一層,二層,"","","",磚造,磚造,"","","",33.49,33.49,"","","","","","","","","","","","","","","","","","","","",""
49,82,"",438.03,1,4,2透天厝,農業區,37,2020-09-21 08:06:29.562371,2020-09-21 08:06:29.562371,,,,,"","","","","","",,,,154.93,141.55,141.55 ,"","","","","",,"","","",一層,"","","","","","","","","","","","","","","","","","","","","","","","","","","","","","","",""
50,439,"",102.13,1,3,2透天厝,第一種住宅區,38,2020-09-21 08:32:07.238375,2020-09-21 08:32:07.238375,,,,,"","","","","","",,,,46.34,46.34,9.45,"","","","","",,"","","","","","","","","","","","","","","","","","","","","","","","","","","","","","","","","","","",""
51,205,"",110.63,1,7,2透天厝,第一種住宅區,39,2020-09-21 08:42:39.82023,2020-09-21 08:42:39.82023,,,,,"","","","","","",,,,52.40 ,52.40 ,"","","","",屋頂突出物,5.83,,"",110.63,"","","","","","","","","","","","","","","","","","","","","","","","","","","","","","","","","",""
52,164,"",91.50,1,2,1公寓(5樓含以下無電梯),第一種住宅區,40,2020-09-22 06:22:21.074786,2020-09-22 06:22:21.074786,,,,,"","","","","","",,,,40.33,40.33,"","","","",陽台,10.84,,"",91.5,"","","","","","","","","","","","","","","","","","","","","","","","","","","","","","","","","",""
53,983,"",144.86,1,3,3店面(店舖),第一種住宅區,41,2020-09-25 23:35:57.533501,2020-09-25 23:35:57.533501,,,,,"","","","","","",,,,"","","","","","","","",,"","","","","","","","","","","","","","","","","","","","","","","","","","","","","","","","","","","",""
55,131,"",97.54,1,4,3店面(店舖),第一種住宅區,43,2020-09-28 06:43:42.919694,2020-09-28 06:43:42.919694,,,,,"","","","","","",,,,34.14,51.4,"","","","",騎樓,12,,"",97.54,"","","","","","","","","","","","","","","","","","","","","","","","","","","","","","","","","",""
56,764 ,"",104.08,1,4,2透天厝,第一種住宅區,44,2020-09-28 06:51:48.324016,2020-09-28 06:51:48.324016,,,,,"","","","","","",,,,"","","","","","","","",,"","","","","","","","","","","","","","","","","","","","","","","","","","","","","","","","","","","",""
57,316,"",47.97,1,2,2透天厝,第一種住宅區,45,2020-09-28 07:45:19.783742,2020-09-28 07:45:19.783742,,,,,"","","","","","",,,,"","","","","","","","",,"","","","","","","","","","","","","","","","","","","","","","","","","","","","","","","","","","","",""
58,141,"",120.14,1,5,2透天厝,第一種住宅區,46,2020-09-28 08:04:21.472097,2020-09-28 08:04:21.472097,,,,,"","","","","","",,,,"","","","","","","","",,"","","","","","","","","","","","","","","","","","","","","","","","","","","","","","","","","","","",""
59,354,"",88.67,1,1,1公寓(5樓含以下無電梯),第一種住宅區,47,2020-09-28 08:20:01.399104,2020-09-28 08:20:01.399104,,,,,"","","","","","",,,,"","","","","","","","",,"","","","","","","","","","","","","","","","","","","","","","","","","","","","","","","","","","","",""
61,301頂增,"",50.12,1,4,12增建(持分後坪數打對折),第一種住宅區,42,2020-09-30 23:08:53.470705,2020-09-30 23:08:53.470705,,,,,"","","","","","",,,,"","","","","","","","",,"","","","","","","","","","","","","","","","","","","","","","","","","","","","","","","","","","","",""
62, 880 ,"",102.30,1,2,2透天厝,第一種住宅區,35,2020-10-02 04:19:43.304449,2020-10-02 04:19:43.304449,,,,,"","","","","","",,,,"","","","","","","","",,"","","","","","","","","","","","","","","","","","","","","","","","","","","","","","","","","","","",""
63,23,"",194.49,1,4,2透天厝,第一種住宅區,49,2020-10-02 12:09:30.591876,2020-10-02 12:09:30.591876,,,,,"","","","","","",,,,"","","","","","","","",,"","","","","","","","","","","","","","","","","","","","","","","","","","","","","","","","","","","",""
64,28,"",98.15,1,10,1公寓(5樓含以下無電梯),第一種住宅區,50,2020-10-02 12:46:32.949213,2020-10-02 12:46:32.949213,,,,,"","","","","","",,,,"","","","","","","","",,"","","","","","","","","","","","","","","","","","","","","","","","","","","","","","","","","","","",""
65,346,"",131.97,1,3,2透天厝,第一種住宅區,51,2020-10-05 03:26:24.49294,2020-10-05 03:26:24.49294,,,,,"","","","","","",,,,"","","","","","","","",,"","","","","","","","","","","","","","","","","","","","","","","","","","","","","","","","","","","",""
66,2405,"",89.18,33334,100000,2透天厝,第一種住宅區,52,2020-10-05 03:39:00.905087,2020-10-05 03:39:00.905087,,,,,"","","","","","",,,,"","","","","","","","",,"","","","","","","","","","","","","","","","","","","","","","","","","","","","","","","","","","","",""
68, 7020,"",29.41,1,6,12增建(持分後坪數打對折),第一種住宅區,53,2020-10-05 03:49:27.633946,2020-10-05 03:49:27.633946,,,,,"","","","","","",,,,"","","","","","","","",,"","","","","","","","","","","","","","","","","","","","","","","","","","","","","","","","","","","",""
69,801,"",75.19,1,5,1公寓(5樓含以下無電梯),第一種住宅區,54,2020-10-05 05:54:11.820296,2020-10-05 05:54:11.820296,,,,,大武路,"","","",51-4,"",,,,"","","","","","","","",,"","","",五層,"","","","","","","","","",75.19,"","","","","","","","","","","","","","","","","","","","","",""
70, 377 ,"",91.20,1,2,2透天厝,第一種住宅區,55,2020-10-05 11:02:07.672822,2020-10-05 11:02:07.672822,,,,,"","","","","","",,,,"","","","","","","","",,"","","","","","","","","","","","","","","","","","","","","","","","","","","","","","","","","","","",""
71,2147,"",150.40,1,2,12增建(持分後坪數打對折),第一種住宅區,55,2020-10-05 11:05:29.359096,2020-10-05 11:05:29.359096,,,,,"","","","","","",,,,"","","","","","","","",,"","","","","","","","","","","","","","","","","","","","","","","","","","","","","","","","","","","",""
13,10085,"",95.13,1,6,1公寓(5樓含以下無電梯),第一種住宅區,8,2020-07-20 08:04:52.279647,2020-10-07 09:15:21.36601,,,,,"","","","","","",,,"","","","","","","","","",,"","","","","","","","","","","","","","","","","","","","","","","","","","","","","","","","","","","",""
72,2879,"",75.18,1,5,1公寓(5樓含以下無電梯),第一種住宅區,56,2020-10-07 09:35:15.764922,2020-10-07 09:35:15.764922,,,,,"","","","","","",,,,"","","","","","","","",,"","","",四層,"","","","",水泥,"","","","","","","","","","","","","","","","","","","","","",陽台,花台,"",6.58,1.61,""
60,518,https://drive.google.com/file/d/1LvPsC0sBA1laxPRTjmWuiNm4wMXmwJMu/view?usp=drivesdk,69.94,14200,100000,1公寓(5樓含以下無電梯),第一種住宅區,48,2020-09-30 10:47:45.030782,2020-10-13 11:52:46.102994,,,,,"","","","","","",,,,"","","","","","","","",,"","","","","","","","","","","","","","","","","","","","","","","","","","","","","","","","","","","",""
42,2147,https://drive.google.com/drive/u/1/folders/1NxhO1EB6nIT2Lg1O5r_0S59ZSfpqDq48,150.40,1,2,12增建(持分後坪數打對折),第一種住宅區,31,2020-08-27 14:01:45.285307,2020-10-15 09:52:04.18675,,,,,"","","","","","",,,,"","","","","","","","",,"","","","","","","","","","","","","","","","","","","","","","","","","","","","","","","","","","","",""
74,991,"",58.82,1,15,2透天厝,第一種住宅區,58,2020-10-16 14:58:20.240074,2020-10-16 14:58:20.240074,,,,,"","","","","","",,,,"","","","","","","","",,"","","","","","","","","","","","","","","","","","","","","","","","","","","","","","","","","","","",""
77,2705,"",68.62,2,3,2透天厝,第一種住宅區,61,2020-10-30 01:19:16.405841,2020-10-30 01:19:16.405841,,,,,"","","","","","",,,,34.31,34.31,"","","","","","",,"","","","","","","","","","","","","","","","","","","","","","","","","","","","","","","","","","","",""
78, 15107,"",37.66,2,3,12增建(持分後坪數打對折),第一種住宅區,61,2020-10-30 01:21:22.313803,2020-10-30 01:21:22.313803,,,,,"","","","","","",,,,"","","","","","","","",,"","",72,"","","","","","","","","","","","","","","","","","","","","","","","","","","","","","","","",""
80,2887,"",11043.67,725,100000,0公設,第一種住宅區,62,2020-10-30 02:04:13.238497,2020-10-30 02:04:13.238497,,,,,"","","","","","",,,,"","","","","","","","",,"","","","","","","","","","","","","","","","","","","","","","","","","","","","","","","","","","","",""
81,3086,"",192.99,1,3,2透天厝,第一種住宅區,63,2020-10-30 13:44:09.946818,2020-10-30 13:44:09.946818,,,,,公園路,"",487巷,"",37號,"",,,,"","","","","","","","",,"","",74,"","","","","","","","","","","","","","","","","","","","","","","","","","","","","","","","",""
82,84,"",100.49,1,3,2透天厝,第一種住宅區,64,2020-11-05 20:18:47.231052,2020-11-05 20:28:58.861344,,,,,福德路,"","","",165,"",,,,100.49,"","","","","","","",,"","",77,一層,"","","","",磚造,"","","","",100.49,"","","","","","","","","","","","","","","","","","","","","",""
83,256,"",115.60,1,3,2透天厝,第一種住宅區,64,2020-11-05 20:28:58.866522,2020-11-05 20:28:58.866522,,,,,福德路,"","","",165,"",,,,"",115.6,"","","","","","",,"","",77,二層,"","","","",磚造,"","","","",115.6,"","","","","","","","","","","","","","","","","","","","","",""
54,301,https://drive.google.com/file/d/1RyGR0Oshqw9ey34UYihd5mACO1Sz1Klh/view?usp=drivesdk,227.42,1,4,3店面(店舖),第一種住宅區,42,2020-09-28 06:32:35.525667,2020-11-10 10:56:14.818918,,,,,"","","","","","",,,,44.14,53.84,53.84,"",12.6,45.34,屋頂突出物,3.72,,"","","","","","","","","","","","","","","","","","","","","","","","","","","","","","","","","","","",""
84,32,"",74.65,1,4,2透天厝,第一種住宅區,65,2020-11-12 14:08:04.309095,2020-11-12 14:08:04.309095,,,,,"","","","","","",,,,"","","","","","","","",,"","","","","","","","","","","","","","","","","","","","","","","","","","","","","","","","","","","",""
79,2762,https://drive.google.com/file/d/1VlzAlXNPW0WyWPsjA0dE9PTiEI3boCuD/view?usp=sharing,127.57,1,6,5住宅大樓(11層含以上有電梯),第一種住宅區,62,2020-10-30 01:46:06.643778,2020-11-20 10:04:17.702797,,,,,"","","","","","",,,,"","","","","","","","",,"","","","","","","","","","","","","","","","","","","","","","","","","","","","","","","","","","","",""
76, 2375 ,https://drive.google.com/file/d/1f7hjwFRcYl7lh7LXy_6CSe_hrQgujgUw/view?usp=sharing,79.28,1,3,2透天厝,第一種住宅區,60,2020-10-23 14:16:51.857403,2020-11-20 10:10:03.271119,,,,,"","","","","","",,,,36.96,42.32,"","","","","","",,"","","","","","","","","","","","","","","","","","","","","","","","","","","","","","","","","","","",""
73,602,https://drive.google.com/file/d/1Ec0yHYLRxRt3IexhYfF-sDgX8V8L8WNM/view?usp=sharing,48.24,1,4,1公寓(5樓含以下無電梯),第一種住宅區,57,2020-10-14 14:28:31.665817,2020-12-19 02:23:33.728199,,,,,"","","","","","",,,,"","","","","","","","",,"","","","","","","","","","","","","","","","","","","","","","","","","","","","","","","","","","","",""
156,162,"",85.26,1,6,1公寓(5樓含以下無電梯),第一種住宅區,95,2021-01-18 14:48:26.158684,2021-01-18 14:48:26.158684,,,,,"","","","","","",,,,"","","","","","","","",,"","","","","","","","","","","","","","","","","","","","","","","","","","","","","","","","","","","",""
85,36,"",121.60,1,2,2透天厝,第一種住宅區,66,2020-11-13 05:02:28.759649,2020-11-13 05:12:06.513313,,,,,南溝路,二,"","",71,"",,,,48,60.8,"","",12.8,"","","",,"","",79,一層,二層,"","","",磚造,磚造,磚造,"","",48,60.8,12.8,"","","","","","","","","","","","","","","","","","","",""
86,1221,"",243.20,1,2,0公設,第一種住宅區,66,2020-11-13 05:12:06.516103,2020-11-13 05:12:06.516103,,,,,南溝路,二,"","",71,"",,,,"","","","","","","","",,"","",79,一層,二層,三層,四層,"",磚造,磚造,磚造,磚造,"",36.8,36.8,84.8,84.8,"","","","","","","","","","","","","","","","","","",""
87,775,"",10000.00,1,250,0公設,第一種住宅區,12,2020-11-20 06:11:06.841851,2020-11-20 06:11:06.841851,,,,,"","","","","","",,,,"","","","","","","","",,"","","","","","","","","","","","","","","","","","","","","","","","","","","","","","","","","","","",""
67,91,https://drive.google.com/file/d/1_yFumddMlP6plZHBxTRD7NuugLeIq9hQ/view?usp=sharing,69.30,1,6,2透天厝,第一種住宅區,53,2020-10-05 03:47:08.798796,2020-11-20 08:33:58.00905,,,,,"","","","","","",,,,"","","","","","","","",,"","","","","","","","","","","","","","","","","","","","","","","","","","","","","","","","","","","",""
88,436,"",44.44,1,6,2透天厝,第一種住宅區,67,2020-11-20 11:16:06.685536,2020-11-20 11:16:06.685536,,,,,"","","","","","",,,,"","","","","","","","",,"","","","","","","","","","","","","","","","","","","","","","","","","","","","","","","","","","","",""
89,17,"",204.96,1,5,2透天厝,第一種住宅區,68,2020-11-20 13:04:25.343456,2020-11-20 13:04:25.343456,,,,,"","","","","","",,,,"","","","","","","","",,"","","","","","","","","","","","","","","","","","","","","","","","","","","","","","","","","","","",""
27,1506,"",88.90,1,5,1公寓(5樓含以下無電梯),第一種住宅區,20,2020-08-13 14:53:40.451133,2020-11-20 13:07:48.474018,,,,,"","","","","","",,,,"","","","","","","","",,"","","","","","","","","","","","","","","","","","","","","","","","","","","","","","","","","","","",""
30,10083,"",58.10,1,6,12增建(持分後坪數打對折),第一種住宅區,22,2020-08-13 15:35:36.064573,2020-11-20 13:11:33.109214,,,,,"","","","","","",,,,"","","","","","","","",,"","","","","","","","","","","","","","","","","","","","","","","","","","","","","","","","","","","",""
90,1256,"",36.40,1,2,1公寓(5樓含以下無電梯),第一種住宅區,69,2020-11-21 09:33:13.811912,2020-11-21 09:33:13.811912,,,,,"","","","","","",,,,"","","","","","","","",,"","","","","","","","","","","","","","","","","","","","","","","","","","","","","","","","","","","",""
91,3868,"",111.55,1,2,12增建(持分後坪數打對折),第一種住宅區,69,2020-11-21 09:40:07.328449,2020-11-21 09:40:07.328449,,,,,"","","","","","",,,,"","","","","","","","",,"","","","","","","","","","","","","","","","","","","","","","","","","","","","","","","","","","","",""
92,170,"",102.60,1,5,2透天厝,第一種住宅區,70,2020-11-23 13:53:31.104053,2020-11-23 13:53:31.104053,,,,,"","","","","","",,,,"","","","","","","","",,"","","","","","","","","","","","","","","","","","","","","","","","","","","","","","","","","","","",""
93,4612,"",111.21,1,2,3店面(店舖),第一種住宅區,71,2020-11-23 14:13:29.263178,2020-11-23 14:13:29.263178,,,,,"","","","","","",,,,"","","","","","","","",,"","",87,"","","","","","","","","","","","","","","","","","","","","","","","","","","","","","","","",""
94,5512,"",151.57,1,2,3店面(店舖),第一種住宅區,71,2020-11-23 14:13:29.281319,2020-11-23 14:13:29.281319,,,,,"","","","","","",,,,"","","","","","","","",,"","",87,"","","","","","","","","","","","","","","","","","","","","","","","","","","","","","","","",""
95,242 ,"",89.32,1,3,2透天厝,第一種住宅區,72,2020-11-24 13:42:17.655218,2020-11-24 13:42:17.655218,,,,,"","","","","","",,,,"","","","","","","","",,"","","","","","","","","","","","","","","","","","","","","","","","","","","","","","","","","","","",""
96,276,"",49.54,1,2,0公設,第一種住宅區,72,2020-11-24 13:44:05.535097,2020-11-24 13:44:05.535097,,,,,"","","","","","",,,,"","","","","","","","",,"","","","","","","","","","","","","","","","","","","","","","","","","","","","","","","","","","","",""
97,1550,"",7.52,1,3,12增建(持分後坪數打對折),第一種住宅區,72,2020-11-24 13:46:04.188481,2020-11-24 13:46:04.188481,,,,,"","","","","","",,,,"","","","","","","","",,"","","","","","","","","","","","","","","","","","","","","","","","","","","","","","","","","","","",""
98,769,"",72.10,1,6,1公寓(5樓含以下無電梯),第一種住宅區,73,2020-11-25 00:35:45.702285,2020-11-25 00:35:45.702285,,,,,"","","","","","",,,,"","","","","","","","",,"","","","","","","","","","","","","","","","","","","","","","","","","","","","","","","","","","","",""
99,76,"",88.28,1,2,2透天厝,第一種住宅區,74,2020-11-25 00:41:26.537243,2020-11-25 00:41:26.537243,,,,,"","","","","","",,,,"","","","","","","","",,"","","","","","","","","","","","","","","","","","","","","","","","","","","","","","","","","","","",""
100,338,"",85.88,1,4,2透天厝,第一種住宅區,75,2020-11-25 00:47:58.111224,2020-11-25 00:47:58.111224,,,,,"","","","","","",,,,"","","","","","","","",,"","","","","","","","","","","","","","","","","","","","","","","","","","","","","","","","","","","",""
101,52,"",107.70,2,5,2透天厝,第一種住宅區,76,2020-11-25 14:55:52.870712,2020-11-25 14:55:52.870712,,,,,"","","","","","",,,,"","","","","","","","",,"","","","","","","","","","","","","","","","","","","","","","","","","","","","","","","","","","","",""
102,305,"",97.71,25000,100000,2透天厝,第一種住宅區,77,2020-11-27 05:57:29.825777,2020-11-27 05:57:29.825777,,,,,"","","","","","",,,,"","","","","","","","",,"","","","","","","","","","","","","","","","","","","","","","","","","","","","","","","","","","","",""
103,29 ,"",160.59,1,2,2透天厝,第一種住宅區,78,2020-11-27 11:46:39.027504,2020-11-27 11:46:39.027504,,,,,"","","","","","",,,,"","","","","","","","",,"","","","","","","","","","","","","","","","","","","","","","","","","","","","","","","","","","","",""
106,000,"",36.00,1,6,12增建(持分後坪數打對折),第一種住宅區,73,2020-11-27 23:48:40.720377,2020-11-27 23:48:40.720377,,,,,"","","","","","",,,,"","","","","","","","",,"","","","","","","","","","","","","","","","","","","","","","","","","","","","","","","","","","","",""
107,000,"",42.32,1,3,12增建(持分後坪數打對折),第一種住宅區,60,2020-11-28 00:06:48.712907,2020-11-28 00:06:48.712907,,,,,"","","","","","",,,,"","","","","","","","",,"","","","","","","","","","","","","","","","","","","","","","","","","","","","","","","","","","","",""
108, 809,"",64.16,1,6,1公寓(5樓含以下無電梯),第一種住宅區,80,2020-12-01 05:19:27.865014,2020-12-01 05:19:27.865014,,,,,"","","","","","",,,,"","","","","","","","",,"","","","","","","","","","","","","","","","","","","","","","","","","","","","","","","","","","","",""
109,4220,"",71.75,1,3,1公寓(5樓含以下無電梯),第一種住宅區,81,2020-12-01 11:23:12.751627,2020-12-01 11:23:12.751627,,,,,"","","","","","",,,,"","","","","","","","",,"","","","","","","","","","","","","","","","","","","","","","","","","","","","","","","","","","","",""
111,693,"",72.00,1,3,1公寓(5樓含以下無電梯),第一種住宅區,83,2020-12-02 15:12:00.058526,2020-12-02 15:12:00.058526,,,,,"","","","","","",,,,"","","","","","","","",,"","","","","","","","","","","","","","","","","","","","","","","","","","","","","","","","","","","",""
112,266,"",38.98,1,14,1公寓(5樓含以下無電梯),第三種商業區,84,2020-12-02 15:41:15.21759,2020-12-02 15:41:15.21759,,,,,"","","","","","",,,,"","","","","","","","",,"","","","","","","","","","","","","","","","","","","","","","","","","","","","","","","","","","","",""
113,267,"",38.98,1,14,1公寓(5樓含以下無電梯),第三種商業區,84,2020-12-02 15:41:15.233467,2020-12-02 15:41:15.233467,,,,,"","","","","","",,,,"","","","","","","","",,"","","","","","","","","","","","","","","","","","","","","","","","","","","","","","","","","","","",""
114,429 ,"",41.25,1,14,1公寓(5樓含以下無電梯),第三種商業區,84,2020-12-02 15:41:15.23666,2020-12-02 15:41:15.23666,,,,,"","","","","","",,,,"","","","","","","","",,"","","","","","","","","","","","","","","","","","","","","","","","","","","","","","","","","","","",""
116,3197,"",46.90,1,14,12增建(持分後坪數打對折),第三種商業區,84,2020-12-02 15:41:15.242849,2020-12-02 15:43:00.845474,,,,,"","","","","","",,,,"","","","","","","","",,"","","","","","","","","","","","","","","","","","","","","","","","","","","","","","","","","","","",""
117,3198,"",5.34,1,14,12增建(持分後坪數打對折),第三種商業區,84,2020-12-02 15:43:00.84782,2020-12-02 15:43:00.84782,,,,,"","","","","","",,,,"","","","","","","","",,"","","","","","","","","","","","","","","","","","","","","","","","","","","","","","","","","","","",""
115, 430,"",38.98,1,14,1公寓(5樓含以下無電梯),第三種商業區,84,2020-12-02 15:41:15.239736,2020-12-02 15:43:56.543987,,,,,"","","","","","",,,,"","","","","","","","",,"","","","","","","","","","","","","","","","","","","","","","","","","","","","","","","","","","","",""
118,3199,"",47.26,1,14,12增建(持分後坪數打對折),第三種商業區,84,2020-12-02 15:43:00.850773,2020-12-02 15:43:56.56076,,,,,"","","","","","",,,,"","","","","","","","",,"","","","","","","","","","","","","","","","","","","","","","","","","","","","","","","","","","","",""
119,1447,"",96.64,1,4,1公寓(5樓含以下無電梯),第一種住宅區,85,2020-12-06 08:45:59.585443,2020-12-06 08:52:46.510396,,,,,樹德路,"",2,"","",2,,,,96.64,"","","","","",陽台,8.47,,"","",108,四層,"","","","",水泥,"","","","",96.64,"","","","",1451,"","","",84.63,"","","",1/10,"","","",陽台,"","",8.47,"",""
120,3523,"",88.32,1,2,1公寓(5樓含以下無電梯),第一種住宅區,86,2020-12-06 09:00:37.51335,2020-12-06 09:04:52.472543,,,,,建國路,一,309,"",2-4,"",,,,88.32,"","","","","",陽台,13.49,,"","",109,五層,"","","","",水泥,"","","","",88.32,"","","","",3547,"","","",62.03,"","","",1/10,"","","",陽台,"","",13.49,"",""
121,121,"",152.84,1,2,1公寓(5樓含以下無電梯),第一種住宅區,87,2020-12-07 11:17:09.828758,2020-12-07 11:17:09.828758,,,,,"","","","","","",,,,"","","","","","","","",,"","","","","","","","","","","","","","","","","","","","","","","","","","","","","","","","","","","",""
122,  233 ,"",77.00,1,9,1公寓(5樓含以下無電梯),第一種住宅區,88,2020-12-07 15:41:45.873235,2020-12-07 15:41:45.873235,,,,,"","","","","","",,,,"","","","","","","","",,"","","","","","","","","","","","","","","","","","","","","","","","","","","","","","","","","","","",""
110,6113,https://drive.google.com/file/d/1ml8ePLI8BBp5NSwH1iA7fL3K7nxISaEg/view?usp=sharing,108.14,1,8,1公寓(5樓含以下無電梯),第一種住宅區,82,2020-12-01 11:53:01.397527,2021-01-14 08:54:47.305394,,,,,"","","","","","",,,,"","","","","","","","",,"","","","","","","","","","","","","","","","","","","","","","","","","","","","","","","","","","","",""
123,01511-000,"",61.22,1,9,12增建(持分後坪數打對折),第一種住宅區,88,2020-12-07 15:41:45.876847,2020-12-07 15:43:35.690347,,,,,"","","","","","",,,,"","","","","","","","",,"","","","","","","","","","","","","","","","","","","","","","","","","","","","","","","","","","","",""
124,11,"",50.70,1,5,1公寓(5樓含以下無電梯),第一種住宅區,89,2020-12-07 16:37:56.533642,2020-12-07 16:37:56.533642,,,,,"","","","","","",,,,"","","","","","","","",,"","","","","","","","","","","","","","","","","","","","","","","","","","","","","","","","","","","",""
125,11,"",82.04,1,21,2透天厝,第一種住宅區,90,2020-12-10 23:10:46.310775,2020-12-10 23:10:46.310775,,,,,"","","","","","",,,,"","","","","","","","",,"","","","","","","","","","","","","","","","","","","","","","","","","","","","","","","","","","","",""
127,340,"",83.50,1,2,1公寓(5樓含以下無電梯),第一種住宅區,92,2020-12-15 14:56:01.472738,2020-12-15 14:56:01.472738,,,,,"","","","","","",,,,"","","","","","","","",,"","","","","","","","","","","","","","","","","","","","","","","","","","","","","","","","","","","",""
128,854,"",87.14,1,4,1公寓(5樓含以下無電梯),第一種住宅區,93,2020-12-17 12:42:38.702472,2020-12-17 12:42:38.702472,,,,,"","","","","","",,,,"","","","","","","","",,"","","","","","","","","","","","","","","","","","","","","","","","","","","","","","","","","","","",""
129,手動增建,"",45.27,1,5,12增建(持分後坪數打對折),第一種住宅區,59,2020-12-19 00:34:40.134327,2020-12-19 00:34:40.134327,,,,,"","","","","","",,,,"","","","","","","","",,"","","","","","","","","","","","","","","","","","","","","","","","","","","","","","","","","","","",""
130,手動增建,"",32.32,1,4,12增建(持分後坪數打對折),第一種住宅區,91,2020-12-19 01:00:08.459264,2020-12-19 01:00:08.459264,,,,,"","","","","","",,,,"","","","","","","","",,"","","","","","","","","","","","","","","","","","","","","","","","","","","","","","","","","","","",""
126,393,https://drive.google.com/file/d/1F_3hIs6_jbQW45-ASrrR2Sdeo4sWwaac/view?usp=sharing,133.48,1,4,2透天厝,第一種住宅區,91,2020-12-10 23:18:53.92373,2020-12-19 02:15:59.724515,,,,,"","","","","","",,,,"","","","","","","","",,"","","","","","","","","","","","","","","","","","","","","","","","","","","","","","","","","","","",""
104,827,https://drive.google.com/file/d/1mUfJ-1HDB2LgMfsOyH1XvtykZOrTy4Oj/view?usp=sharing,113.60,1,4,2透天厝,第一種住宅區,79,2020-11-27 14:02:27.953997,2020-12-19 02:18:06.600533,,,,,"","","","","","",,,,"","","","","","","","",,"","","","","","","","","","","","","","","","","","","","","","","","","","","","","","","","","","","",""
105,5937,https://drive.google.com/file/d/1mUfJ-1HDB2LgMfsOyH1XvtykZOrTy4Oj/view?usp=sharing,65.49,1,4,1公寓(5樓含以下無電梯),第一種住宅區,79,2020-11-27 14:02:27.972229,2020-12-19 02:18:06.607986,,,,,"","","","","","",,,,"","","","","","","","",,"","","","","","","","","","","","","","","","","","","","","","","","","","","","","","","","","","","",""
75,3568,https://drive.google.com/file/d/1rXL5nTo5JzaEdfXavX_iEI6oWs42CRi-/view?usp=sharing,131.72,1,5,2透天厝,第一種住宅區,59,2020-10-21 10:51:34.983453,2020-12-19 02:20:33.404822,,,,,"","","","","","",,,,"","","","","","","","",,"","","","","","","","","","","","","","","","","","","","","","","","","","","","","","","","","","","",""
132,218-4,"",74.60,1,2,12增建(持分後坪數打對折),第一種住宅區,99,2020-12-31 03:01:20.081486,2020-12-31 03:21:09.14705,,,,,"","","","","","",,,,"","","","","","","","",,"","","","","","","","","","","","","","","","","","","","","","","","","","","","","","","","","","","",""
131,218,"",44.24,1,2,2透天厝,第一種住宅區,99,2020-12-31 03:00:23.06681,2020-12-31 03:21:59.106862,,,,,"","","","","","",,,,"","","","","","","","",,"","","","","","","","","","","","","","","","","","","","","","","","","","","","","","","","","","","",""
145,54,"",115.20,1,4,2透天厝,第一種住宅區,107,2021-01-13 01:36:30.341389,2021-01-13 01:36:30.341389,,,,,山海路,"","","",60之4,"",,,,44.1,57.6,"","","","",屋頂突出物,3.41,,"","",137,一層,二層,"","","",磚造,磚造,"","","",44.1,"57,6","","","","","","","","","","","","","","","",屋頂突出物,"","",3.41,"",""
134,788,"",71.68,1,7,2透天厝,第一種住宅區,101,2021-01-05 09:56:28.667704,2021-01-05 09:58:19.134697,,,,,右昌忠義八巷,"","","",33,"",,,,35.84,35.84,"","","","","","",,"","",122,一層,二層,"","","",磚造,磚造,"","","",35.84,35.84,"","","","","","","","","","","","","","","","","","","","",""
135,2435,"",182.42,1,7,2透天厝,第一種住宅區,101,2021-01-05 09:56:28.67171,2021-01-05 09:58:19.14763,,,,,右昌忠義八巷,"","","",33,"",,,,23.32,13.53,59.16,59.16,"","",屋頂突出物,4.19,,"",27.25,122,一層,二層,三層,四層,"",磚造,磚造,磚造,磚造,"",23.32,13.53,59.16,59.16,"","","","","","","","","","","","","",屋頂突出物,"","",4.19,23.06,""
136,50716,"",91.75,2,5,1公寓(5樓含以下無電梯),第一種住宅區,98,2021-01-08 07:56:11.839982,2021-01-08 07:56:11.839982,,,,,"","","","","","",,,,"","","","","","","","",,"","","","","","","","","","","","","","","","","","","","","","","","","","","","","","","","","","","",""
137,頂樓未登記部分,"",72.94,2,5,12增建(持分後坪數打對折),第一種住宅區,98,2021-01-08 07:56:11.843655,2021-01-08 08:03:01.9854,,,,,"","","","","","",,,,"","","","","","","","",,"","","","","","","","","","","","","","","","","","","","","","","","","","","","","","","","","","","",""
138, 185 ,"",77.00,1,3,1公寓(5樓含以下無電梯),第一種住宅區,94,2021-01-08 08:22:15.11959,2021-01-08 08:22:15.11959,,,,,"","","","","","",,,,"","","","","","","","",,"","","","","","","","","","","","","","","","","","","","","","","","","","","","","","","","","","","",""
139,頂樓未登記部分 ,"",57.12,1,3,0公設,第一種住宅區,94,2021-01-08 08:29:11.796514,2021-01-08 08:29:11.796514,,,,,"","","","","","",,,,"","","","","","","","",,"","","","","","","","","","","","","","","","","","","","","","","","","","","","","","","","","","","",""
140,162,"",85.26,1,6,1公寓(5樓含以下無電梯),第一種住宅區,104,2021-01-12 14:50:38.292754,2021-01-12 14:50:38.292754,,,,,"","","","","","",,,,"","","","","","","","",,"","","","","","","","","","","","","","","","","","","","","","","","","","","","","","","","","","","",""
141, 928,"",85.26,1,6,12增建(持分後坪數打對折),第一種住宅區,104,2021-01-12 14:51:32.228744,2021-01-12 14:51:32.228744,,,,,"","","","","","",,,,"","","","","","","","",,"","","","","","","","","","","","","","","","","","","","","","","","","","","","","","","","","","","",""
142,598,"",85.38,1,5,1公寓(5樓含以下無電梯),第一種住宅區,105,2021-01-12 15:12:34.790229,2021-01-12 15:12:34.790229,,,,,"","","","","","",,,,"","","","","","","","",,"","","","","","","","","","","","","","","","","","","","","","","","","","","","","","","","","","","",""
143,1430,"",18.63,1,5,12增建(持分後坪數打對折),第一種住宅區,105,2021-01-12 15:13:43.706988,2021-01-12 15:13:43.706988,,,,,"","","","","","",,,,"","","","","","","","",,"","","","","","","","","","","","","","","","","","","","","","","","","","","","","","","","","","","",""
144, 1769,"",116.80,1,2,1公寓(5樓含以下無電梯),第一種住宅區,106,2021-01-12 16:40:14.439554,2021-01-12 16:40:14.439554,,,,,"","","","","","",,,,"","","","","","","","",,"","","","","","","","","","","","","","","","","","","","","","","","","","","","","","","","","","","",""
146,783,"",91.26,2,6,2透天厝,第一種住宅區,108,2021-01-15 14:23:55.39807,2021-01-15 14:26:57.481783,,,,,蓬萊,"","","",163,"",,,,47.25,44.01,"","","","","","",,"","",138,一層,二層,"","","",水泥,水泥,"","","",47.25,44.01,"","","","","","","","","","","","","","","","","","","","",""
147,982,"",111.61,2,6,2透天厝,第一種住宅區,108,2021-01-15 14:23:55.411303,2021-01-15 14:26:57.498026,,,,,蓬萊,"","","", 163,"",,,,23.06,31.25,56.70,"","","","","",,"","",138,一層,二層,三層,"","",水泥,水泥,水泥,"","",23.06,31.25,56.70,"","","","","","","","","","","","","","","","","","","",""
148,57,"",89.00,1,5,3店面(店舖),第一種住宅區,109,2021-01-15 14:37:58.829509,2021-01-15 14:38:16.00427,,,,,和誠街,"",96,"",8,"",,,,36.27,52.73,"","","","","","",,"","",139,一層,二層,"","","",磚造,磚造,"","","",36.27,52.73,"","","","","","","","","","","","","","","","","","","","",""
149,1512,"",224.08,1,5,3店面(店舖),第一種住宅區,109,2021-01-15 14:37:58.832947,2021-01-15 14:38:16.007514,,,,,和誠街,"",96,"",8,"",,,,18.86,34.66,86.80,83.76,"","","","",,"","",139,一層,二層,三層,四層,"","","","","","",18.86,34.66,86.80,83.76,"","","","","","","","","","","","","",陽台,雨遮,"",6,60.75,""
150,429,"",104.74,1,4,2透天厝,第一種住宅區,110,2021-01-18 08:45:37.493542,2021-01-18 08:46:45.023856,,,,,長榮街,"",14,"",12,"",,,,38.22,52.37,"","","","",騎樓,14.15,,"","",141,一層,二層,"","","",磚造,磚造,"","","",38.22,52.37,"","","","","","","","","","","","","","","",騎樓,"","",14.15,"",""
151,暫739,"",66.20,1,4,2透天厝,第一種住宅區,110,2021-01-18 08:45:37.506214,2021-01-18 08:46:45.026897,,,,,長榮街,"",14,"",12,"",,,,13.84,52.36,"","","","","","",,"","",141,一層,二層,"","","","","","","","",13.84,52.36,"","","","","","","","","","","","","","","","","","","","",""
152,暫158,"",168.09,50000,100000,2透天厝,第一種住宅區,111,2021-01-18 08:52:38.724668,2021-01-18 08:55:08.805742,,,,,中正路,"","","",30,"",,,,56.03,56.03,56.03,"","","","","",,"","",142,一層,二層,三層,"","",磚造,磚造,鐵皮屋,"","",56.03,56.03,56.03,"","","","","","","","","","","","","","","","","","","",""
154,262,"",69.42,1,5,1公寓(5樓含以下無電梯),第一種住宅區,96,2021-01-18 14:18:06.006483,2021-01-18 14:18:06.006483,,,,,"","","","","","",,,,"","","","","","","","",,"","","","","","","","","","","","","","","","","","","","","","","","","","","","","","","","","","","",""
155,8065,"",65.00,1,5,12增建(持分後坪數打對折),第一種住宅區,96,2021-01-18 14:31:45.226435,2021-01-18 14:31:45.226435,,,,,"","","","","","",,,,"","","","","","","","",,"","","","","","","","","","","","","","","","","","","","","","","","","","","","","","","","","","","",""
153,2344,"",101.76,1,4,2透天厝,第一種住宅區,112,2021-01-18 11:59:56.692612,2021-05-08 00:59:58.124574,,,,,"","","","","","",,,,"","","","","","","","",,"","","","","","","","","","","","","","","","","","","","","","","","","","","","","","","","","","","",""
157,928,"",85.26,1,6,12增建(持分後坪數打對折),第一種住宅區,95,2021-01-18 14:49:24.007768,2021-01-18 14:49:24.007768,,,,,"","","","","","",,,,"","","","","","","","",,"","","","","","","","","","","","","","","","","","","","","","","","","","","","","","","","","","","",""
158,222,"",92.56,1,2,2透天厝,第一種住宅區,113,2021-01-27 21:31:24.936127,2021-01-27 21:31:24.936127,,,,,"","","","","","",,,,"","","","","","","","",,"","","","","","","","","","","","","","","","","","","","","","","","","","","","","","","","","","","",""
181,816,"",95.10,1,4,6華廈(10層含以下有電梯),第一種住宅區,133,2021-03-19 19:35:46.301308,2021-03-19 19:36:06.838115,,,,,中平九街,"","","",91,9,,,,95.4,"","","","","",陽台,9.55,,"",95.1,180,"","","","","",水泥,"","","","",95.1,"","","","","","","","","","","","","","","","",陽台,"","",9.55,"",""
160,1394,"",169.52,1,2,1公寓(5樓含以下無電梯),第一種住宅區,116,2021-02-09 11:14:41.370526,2021-02-09 11:14:41.370526,,,,,"","","","","","",,,,"","","","","","","","",,"","","","","","","","","","","","","","","","","","","","","","","","","","","","","","","","","","","",""
161,1000,"",88.64,1,5,1公寓(5樓含以下無電梯),第一種住宅區,114,2021-02-09 11:55:22.381452,2021-02-09 11:55:22.381452,,,,,"","","","","","",,,,"","","","","","","","",,"","","","","","","","","","","","","","","","","","","","","","","","","","","","","","","","","","","",""
162,10446,"",68.85,1,3,1公寓(5樓含以下無電梯),第一種住宅區,117,2021-02-19 14:43:42.268115,2021-02-19 14:43:42.268115,,,,,九如一路,"","","",883,6之4,,,,"","","","","","","","",,"","","","","","","","",水泥,"","","","",68.85,"","","","","","","","","","","","","","","","","","","","","",""
163,75,"",78.88,1,2,2透天厝,第一種住宅區,118,2021-02-19 14:51:43.288341,2021-02-19 14:51:43.288341,,,,,金潭,"",279,20,3,"",,,,39.44,39.44,"","","","","","",,"","","",一層,二層,"","","",磚造,磚造,"","","",39.44,39.44,"","","","","","","","","","","","","","","","","","","","",""
182,818,"",1694.10,94,10000,6華廈(10層含以下有電梯),第一種住宅區,133,2021-03-19 19:35:46.303862,2021-03-19 19:36:06.841869,,,,,中平九街,"","","",91,"",,,,"","","","","","","","",,"",1694.1,"","","","","","","","","","","",1694.1,"","","","","","","","","","","","","","","","","","","","","",""
164,304,"",,1,2,2透天厝,第一種住宅區,118,2021-02-19 14:51:43.296166,2021-02-19 14:53:06.623807,,,,,金潭,"",279,20,3,"",,,,25.6,"","","","","","","",,"",25.6,162,一層,"","","","","","","","","",25.6,"","","","","","","","","","","","","","","","","","","","","",""
166,1522,"",220.56,1,3,2透天厝,第一種住宅區,120,2021-03-03 00:50:30.028723,2021-03-03 00:50:30.028723,,,,,"","","","","","",,,,"","","","","","","","",,"","","","","","","","","","","","","","","","","","","","","","","","","","","","","","","","","","","",""
167,1523,"",214.25,1,3,1公寓(5樓含以下無電梯),第一種住宅區,120,2021-03-03 00:50:30.031323,2021-03-03 00:50:30.031323,,,,,"","","","","","",,,,"","","","","","","","",,"","","","","","","","","","","","","","","","","","","","","","","","","","","","","","","","","","","",""
170,474 ,"",57.27,1,2,1公寓(5樓含以下無電梯),第一種住宅區,123,2021-03-05 15:16:12.667665,2021-03-05 15:16:12.667665,,,,,"","","","","","",,,,"","","","","","","","",,"","","","","","","","","","","","","","","","","","","","","","","","","","","","","","","","","","","",""
171,6576,"",111.91,1,7,1公寓(5樓含以下無電梯),第一種住宅區,124,2021-03-05 15:51:18.48769,2021-03-05 15:51:18.48769,,,,,"","","","","","",,,,"","","","","","","","",,"","","","","","","","","","","","","","","","","","","","","","","","","","","","","","","","","","","",""
183,3700,"",118.56,1,2,2透天厝,第一種住宅區,128,2021-03-26 09:20:36.021673,2021-03-26 09:20:36.021673,,,,,"","","","","","",,,,"","","","","","","","",,"","","","","","","","","","","","","","","","","","","","","","","","","","","","","","","","","","","",""
168,31,https://drive.google.com/file/d/1q4A2u67BAesmiLWe1diRoFfoAXuf3D72/view?usp=sharing,252.13,1,3,2透天厝,第一種住宅區,121,2021-03-03 01:12:29.344443,2021-03-08 00:19:23.512113,,,,,"","","","","","",,,,"","","","","","","","",,"","","","","","","","","","","","","","","","","","","","","","","","","","","","","","","","","","","",""
159,479,https://drive.google.com/drive/folders/12Wh4eeby8SQ0Cne9ADOHrHd1vLo4e54N?usp=sharing,203.54,1,2,2透天厝,第一種住宅區,115,2021-02-07 14:49:01.298722,2021-03-13 03:50:18.437404,,,,,"","","","","","",,,,"","","","","","","","",,"","","","","","","","","","","","","","","","","","","","","","","","","","","","","","","","","","","",""
169,350,https://drive.google.com/file/d/1MrKIW3hKgYmBnojOwkzLCCSHO5Gg0wMe/view?usp=sharing,107.00,1,3,2透天厝,第一種住宅區,122,2021-03-05 14:56:20.530095,2021-03-13 04:13:16.574188,,,,,"","","","","","",,,,"","","","","","","","",,"","","","","","","","","","","","","","","","","","","","","","","","","","","","","","","","","","","",""
172,737,"",104.25,40,100,2透天厝,第一種住宅區,125,2021-03-18 09:48:10.420709,2021-03-18 09:48:25.874106,,,,,安樂三街,"",76,"",8,"",,,,37.7,53.17,"","","","",騎樓,13.38,,"",104.25,170,一層,二層,"","","",水泥,水泥,"","","",37.7,53.17,"","","","","","","","","","","","","","","",騎樓,"","",13.38,"",""
173,1539,"",142.18,40,100,2透天厝,第一種住宅區,125,2021-03-18 09:48:10.429559,2021-03-18 09:48:25.876828,,,,,安樂三街,"",76,"",8,"",,,,"","","","","","","","",,"",142.18,170,"","","","","","","","","","",142.18,"","","","","","","","","","","","","","","","","","","","","",""
174, 1110,"",158.23,2,3,3店面(店舖),第一種住宅區,126,2021-03-18 13:58:11.835068,2021-03-18 13:58:11.835068,,,,,"","","","","","",,,,"","","","","","","","",,"","","","","","","","","","","","","","","","","","","","","","","","","","","","","","","","","","","",""
175,273,"",48.64,1,5,2透天厝,第一種住宅區,127,2021-03-18 14:11:48.930193,2021-03-18 14:11:48.930193,,,,,"","","","","","",,,,"","","","","","","","",,"","","","","","","","","","","","","","","","","","","","","","","","","","","","","","","","","","","",""
176,2878,"",82.08,1,2,1公寓(5樓含以下無電梯),第一種住宅區,129,2021-03-18 14:50:14.067692,2021-03-18 14:50:14.067692,,,,,"","","","","","",,,,"","","","","","","","",,"","","","","","","","","","","","","","","","","","","","","","","","","","","","","","","","","","","",""
178,3,"",93.91,1,3,2透天厝,第一種住宅區,130,2021-03-19 14:33:57.581366,2021-03-19 14:33:57.581366,,,,,"","","","","","",,,,"","","","","","","","",,"","","","","","","","","","","","","","","","","","","","","","","","","","","","","","","","","","","",""
180,953,"",115.19,1,6,1公寓(5樓含以下無電梯),第一種住宅區,132,2021-03-19 15:14:50.574957,2021-03-19 15:14:50.574957,,,,,"","","","","","",,,,"","","","","","","","",,"","","","","","","","","","","","","","","","","","","","","","","","","","","","","","","","","","","",""
186,752,"",100.15,1,4,1公寓(5樓含以下無電梯),第一種住宅區,97,2021-03-26 13:56:40.761734,2021-03-26 13:56:40.761734,,,,,"","","","","","",,,,"","","","","","","","",,"","","","","","","","","","","","","","","","","","","","","","","","","","","","","","","","","","","",""
187,30517,"",71.49,1,4,1公寓(5樓含以下無電梯),第一種住宅區,137,2021-03-26 14:39:44.606782,2021-03-26 14:39:44.606782,,,,,"","","","","","",,,,"","","","","","","","",,"","","","","","","","","","","","","","","","","","","","","","","","","","","","","","","","","","","",""
188,未登記部分,"",60.75,1,4,1公寓(5樓含以下無電梯),第一種住宅區,137,2021-03-26 14:39:44.615619,2021-03-26 14:39:44.615619,,,,,"","","","","","",,,,"","","","","","","","",,"","","","","","","","","","","","","","","","","","","","","","","","","","","","","","","","","","","",""
189,4359,"",96.68,1,2,5住宅大樓(11層含以上有電梯),第一種住宅區,138,2021-03-26 14:50:03.391183,2021-03-26 14:50:03.391183,,,,,"","","","","","",,,,"","","","","","","","",,"","","","","","","","","","","","","","","","","","","","","","","","","","","","","","","","","","","",""
190,612,"",316.68,1,8,1公寓(5樓含以下無電梯),第一種住宅區,139,2021-03-26 14:52:56.144412,2021-03-26 14:52:56.144412,,,,,"","","","","","",,,,"","","","","","","","",,"","","","","","","","","","","","","","","","","","","","","","","","","","","","","","","","","","","",""
191,未登記部分,"",136.07,1,8,1公寓(5樓含以下無電梯),第一種住宅區,139,2021-03-26 14:52:56.149465,2021-03-26 14:52:56.149465,,,,,"","","","","","",,,,"","","","","","","","",,"","","","","","","","","","","","","","","","","","","","","","","","","","","","","","","","","","","",""
184,4686,https://drive.google.com/drive/folders/1K6kQL__YlnjX5yfw4lH0x3ew_Hmnh7bY?usp=sharing,75.67,1,3,1公寓(5樓含以下無電梯),第一種住宅區,135,2021-03-26 10:06:28.780737,2021-03-28 12:22:39.914237,,,,,"","","","","","",,,,"","","","","","","","",,"","","","","","","","","","","","","","","","","","","","","","","","","","","","","","","","","","","",""
192,2878,"",82.08,1,2,1公寓(5樓含以下無電梯),第一種住宅區,140,2021-03-28 13:18:33.809004,2021-03-28 13:18:33.809004,,,,,"","","","","","",,,,"","","","","","","","",,"","","","","","","","","","","","","","","","","","","","","","","","","","","","","","","","","","","",""
193,2930(待修),"",21.00,1,1,0公設,第一種住宅區,140,2021-03-28 13:19:40.998946,2021-03-28 13:23:40.06403,,,,,"","","","","","",,,,"","","","","","","","",,"","","","","","","","","","","","","","","","","","","","","","","","","","","","","","","","","","","",""
194,30517,"",71.49,1,4,1公寓(5樓含以下無電梯),第一種住宅區,142,2021-04-13 14:56:44.616033,2021-04-13 14:56:44.616033,,,,,"","","","","","",,,,"","","","","","","","",,"","","","","","","","","","","","","","","","","","","","","","","","","","","","","","","","","","","",""
195,未登記部分,"",60.75,1,4,1公寓(5樓含以下無電梯),第一種住宅區,142,2021-04-13 14:56:44.622319,2021-04-13 14:56:44.622319,,,,,"","","","","","",,,,"","","","","","","","",,"","","","","","","","","","","","","","","","","","","","","","","","","","","","","","","","","","","",""
9,1287,"",1231.00,1,42,0公設,第一種住宅區,5,2020-07-20 07:49:29.131071,2021-04-13 17:11:19.512896,,,,,"","","","","","",,,"","","","","","","","","",,"","","","","","","","","","","","","","","","","","","","","","","","","","","","","","","","","","","",""
185,384（ 未辦保存登記）,"",248.60,1,3,1公寓(5樓含以下無電梯),第一種住宅區,136,2021-03-26 10:21:51.321103,2021-05-08 06:31:22.479235,,,,,"","","","","","",,,,"","","","","","","","",,"","","","","","","","","","","","","","","","","","","","","","","","","","","","","","","","","","","",""
179,154,"",124.60,1,4,2透天厝,第一種住宅區,131,2021-03-19 14:55:01.155353,2021-06-14 02:08:06.575922,,,,,"","","","","","",,,,"","","","","","","","",,"","","","","","","","","","","","","","","","","","","","","","","","","","","","","","","","","","","",""
196,4980,"",78.00,1,6,1公寓(5樓含以下無電梯),第一種住宅區,143,2021-04-18 13:56:42.482867,2021-04-18 13:56:42.482867,,,,,"","","","","","",,,,"","","","","","","","",,"","","","","","","","","","","","","","","","","","","","","","","","","","","","","","","","","","","",""
197,4220,"",71.75,1,3,1公寓(5樓含以下無電梯),第一種住宅區,144,2021-04-18 15:02:03.757294,2021-04-18 15:02:03.757294,,,,,"","","","","","",,,,"","","","","","","","",,"","","","","","","","","","","","","","","","","","","","","","","","","","","","","","","","","","","",""
198,4359,"",33.00,1,1,0公設,第一種住宅區,138,2021-04-21 01:34:04.747632,2021-04-21 01:35:07.346262,,,,,"","","","","","",,,,"","","","","","","","",,"","","","","","","","","","","","","","","","","","","","","","","","","","","","","","","","","","","",""
199,40598 ,"",123.71,1,4,1公寓(5樓含以下無電梯),第一種住宅區,145,2021-04-21 15:04:48.982893,2021-04-21 15:04:48.982893,,,,,"","","","","","",,,,"","","","","","","","",,"","","","","","","","","","","","","","","","","","","","","","","","","","","","","","","","","","","",""
200,154,"",124.60,1,4,1公寓(5樓含以下無電梯),第一種住宅區,146,2021-04-22 14:41:20.691259,2021-04-22 14:41:20.691259,,,,,"","","","","","",,,,"","","","","","","","",,"","","","","","","","","","","","","","","","","","","","","","","","","","","","","","","","","","","",""
201,889,"",44.09,1,3,1公寓(5樓含以下無電梯),第一種住宅區,147,2021-04-22 15:54:06.954178,2021-04-22 15:54:06.954178,,,,,"","","","","","",,,,"","","","","","","","",,"","","","","","","","","","","","","","","","","","","","","","","","","","","","","","","","","","","",""
202,907,"",535.41,168,10000,0公設,第一種住宅區,147,2021-04-22 15:55:41.284588,2021-04-22 15:55:41.284588,,,,,"","","","","","",,,,"","","","","","","","",,"","","","","","","","","","","","","","","","","","","","","","","","","","","","","","","","","","","",""
205,486,"",62.11,1,5,12增建(持分後坪數打對折),第一種住宅區,149,2021-04-28 03:47:01.914318,2021-04-28 03:47:01.914318,,,,,"","","","","","",,,,"","","","","","","","",,"","","","","","","","","","","","","","","","","","","","","","","","","","","","","","","","","","","",""
206,270,"",99.16,1,3,1公寓(5樓含以下無電梯),第一種住宅區,150,2021-04-30 15:31:59.065744,2021-04-30 15:31:59.065744,,,,,"","","","","","",,,,"","","","","","","","",,"","","","","","","","","","","","","","","","","","","","","","","","","","","","","","","","","","","",""
133,184,https://drive.google.com/file/d/1NCuCcZRuucFjXFOkHLlKOQqz8PPWrIov/view?usp=sharing,86.40,1,5,1公寓(5樓含以下無電梯),第一種住宅區,100,2021-01-01 09:59:40.15626,2021-05-01 03:15:38.297779,,,,,"","","","","","",,,,"","","","","","","","",,"","","","","","","","","","","","","","","","","","","","","","","","","","","","","","","","","","","",""
207,844,"",103.29,2,3,2透天厝,第一種住宅區,151,2021-05-02 13:12:20.151326,2021-05-02 13:12:20.151326,,,,,中芸二路,"",2,"",35,"",,,,103.29,"","","","","","","",,"","","",一層,"","","","",磚造,"","","","",103.29,"","","","","","","","","","","","","","","","","","","","","",""
208,1188,"",108.30,2,3,2透天厝,第一種住宅區,151,2021-05-02 13:12:20.153631,2021-05-02 13:12:20.153631,,,,,中芸二路,"",2,"",35,"",,,,24.12,84.18,"","","","",雨遮,9.1,,"",108.3,"",一層,二層,"","","","","","","","",24.12,84.18,"","","","","","","","","","","","","","","",雨遮,"","",9.1,"",""
165,2283,https://drive.google.com/file/d/1EqekJab5UGzEUoiJ0u5hu5hnOWH7JxDx/view?usp=drivesdk,112.92,1,4,1公寓(5樓含以下無電梯),第一種住宅區,119,2021-02-27 00:24:44.224396,2021-05-04 11:14:01.103828,,,,,"","","","","","",,,,"","","","","","","","",,"","","","","","","","","","","","","","","","","","","","","","","","","","","","","","","","","","","",""
209,592,"",126.09,1,24,1公寓(5樓含以下無電梯),第一種住宅區,152,2021-05-04 14:17:00.345498,2021-05-04 14:17:00.345498,,,,,"","","","","","",,,,"","","","","","","","",,"","","","","","","","","","","","","","","","","","","","","","","","","","","","","","","","","","","",""
210,2161,"",125.30,1,24,12增建(持分後坪數打對折),第一種住宅區,152,2021-05-04 14:19:30.913057,2021-05-04 14:19:30.913057,,,,,"","","","","","",,,,"","","","","","","","",,"","","","","","","","","","","","","","","","","","","","","","","","","","","","","","","","","","","",""
211,5680,"",128.64,1,4,5住宅大樓(11層含以上有電梯),第一種住宅區,153,2021-05-04 14:44:03.154113,2021-05-04 14:44:03.154113,,,,,"","","","","","",,,,"","","","","","","","",,"","","","","","","","","","","","","","","","","","","","","","","","","","","","","","","","","","","",""
212,6062,"",33891.21,211,100000,0公設,第一種住宅區,153,2021-05-04 14:45:34.736481,2021-05-04 14:45:34.736481,,,,,"","","","","","",,,,"","","","","","","","",,"","","","","","","","","","","","","","","","","","","","","","","","","","","","","","","","","","","",""
213,8136,"",216.26,1,3,2透天厝,第一種住宅區,154,2021-05-04 16:49:20.750401,2021-05-04 16:49:20.750401,,,,,保泰路,"","","",255-1,"",,,,34.69,49.88,49.88,49.88,16.74,"",騎樓,15.19,,地下層,216.26,"",一層,二層,三層,四層,"",水泥,水泥,水泥,水泥,水泥,34.69,49.88,49.88,49.88,16.74,"","","","","","","","","","","","",騎樓,"","",15.19,"",""
214,8898,"",140.79,1,3,2透天厝,第一種住宅區,154,2021-05-04 16:49:20.757818,2021-05-04 16:49:20.757818,,,,,保泰路,"","","",255-1,"",,,,12.36,12.36,12.36,12.36,47.72,43.63,陽台,33.12,,六樓,"","",一層,二層,三層,四層,五層,"","","","","",12.36,12.36,12.36,12.36,47.72,"","","","","","","","","","","","",陽台,"","",33.12,"",""
216,1405,"",2014.72,166,10000,0公設,第一種住宅區,155,2021-05-12 13:52:16.791724,2021-05-12 13:52:16.791724,,,,,"","","","","","",,,,"","","","","","","","",,"","","","","","","","","","","","","","","","","","","","","","","","","","","","","","","","","","","",""
215,1373,"",82.66,1,2,6華廈(10層含以下有電梯),第一種住宅區,155,2021-05-12 13:51:18.865311,2021-05-12 13:53:09.317567,,,,,"","","","","","",,,,"","","","","","","","",,"","","","","","","","","","","","","","","","","","","","","","","","","","","","","","","","","","","",""
217,454,"",263.37,1,5,2透天厝,第一種住宅區,162,2021-05-20 14:40:40.47109,2021-05-20 14:40:40.47109,,,,,"","","","","","",,,,"","","","","","","","",,"","","","","","","","","","","","","","","","","","","","","","","","","","","","","","","","","","","",""
218,3467,"",93.48,1,3,2透天厝,第一種住宅區,161,2021-05-20 14:47:09.389777,2021-05-20 14:47:09.389777,,,,,"","","","","","",,,,"","","","","","","","",,"","","","","","","","","","","","","","","","","","","","","","","","","","","","","","","","","","","",""
219,13815,"",86.13,1,5,1公寓(5樓含以下無電梯),第一種住宅區,160,2021-05-20 14:59:10.865803,2021-05-20 14:59:10.865803,,,,,"","","","","","",,,,"","","","","","","","",,"","","","","","","","","","","","","","","","","","","","","","","","","","","","","","","","","","","",""
220,1373,"",82.66,1,2,6華廈(10層含以下有電梯),第一種住宅區,163,2021-06-03 09:27:08.316667,2021-06-03 09:27:08.316667,,,,,"","","","","","",,,,"","","","","","","","",,"","","","","","","","","","","","","","","","","","","","","","","","","","","","","","","","","","","",""
221,1405,https://drive.google.com/drive/folders/1ih2wHD7x9KZPV66Y4uDi_CAEGM3BX_2u?usp=sharing,2014.72,166,10000,0公設,第一種住宅區,163,2021-06-03 09:33:19.19748,2021-06-05 03:42:04.924791,,,,,"","","","","","",,,,"","","","","","","","",,"","","","","","","","","","","","","","","","","","","","","","","","","","","","","","","","","","","",""
203,20,https://drive.google.com/drive/folders/1Rc8obK800UwtGjazq8scCwuE2F7jAXvx?usp=sharing,126.76,1,4,2透天厝,第一種住宅區,148,2021-04-28 03:37:32.053266,2021-06-05 03:44:11.322757,,,,,"","","","","","",,,,"","","","","","","","",,"","","","","","","","","","","","","","","","","","","","","","","","","","","","","","","","","","","",""
204,24,https://drive.google.com/drive/folders/11ActuwABuQPo5XyXL7wnKy07NNjQsckD?usp=sharing,83.36,1,5,2透天厝,第一種住宅區,149,2021-04-28 03:46:14.27252,2021-06-05 03:45:35.858465,,,,,"","","","","","",,,,"","","","","","","","",,"","","","","","","","","","","","","","","","","","","","","","","","","","","","","","","","","","","",""
222,增建,"",33.00,1,4,12增建(持分後坪數打對折),第一種住宅區,131,2021-06-14 02:11:13.421401,2021-06-14 02:11:13.421401,,,,,"","","","","","",,,,"","","","","","","","",,"","","","","","","","","","","","","","","","","","","","","","","","","","","","","","","","","","","",""
223,1875,"",91.29,1,5,1公寓(5樓含以下無電梯),第一種住宅區,166,2021-06-19 14:51:04.818999,2021-06-19 14:51:04.818999,,,,,"","","","","","",,,,"","","","","","","","",,"","","","","","","","","","","","","","","","","","","","","","","","","","","","","","","","","","","",""
224,3606(未保存登記),"",121.70,1,5,1公寓(5樓含以下無電梯),第一種住宅區,166,2021-06-19 14:51:04.822899,2021-06-19 14:51:04.822899,,,,,"","","","","","",,,,"","","","","","","","",,"","","","","","","","","","","","","","","","","","","","","","","","","","","","","","","","","","","",""
225,1349,"",139.55,1,5,1公寓(5樓含以下無電梯),第一種住宅區,167,2021-06-25 11:29:11.848536,2021-06-25 11:29:11.848536,,,,,"","","","","","",,,,"","","","","","","","",,"","","","","","","","","","","","","","","","","","","","","","","","","","","","","","","","","","","",""
226,906,"",97.28,1,3,1公寓(5樓含以下無電梯),第一種住宅區,168,2021-06-25 11:50:49.75136,2021-06-25 11:50:49.75136,,,,,"","","","","","",,,,"","","","","","","","",,"","","","","","","","","","","","","","","","","","","","","","","","","","","","","","","","","","","",""
227,增建,"",45.00,1,5,12增建(持分後坪數打對折),第一種住宅區,167,2021-06-26 00:36:09.368367,2021-06-26 00:36:09.368367,,,,,"","","","","","",,,,"","","","","","","","",,"","","","","","","","","","","","","","","","","","","","","","","","","","","","","","","","","","","",""
26,999,"",103.00,1,2,12增建(持分後坪數打對折),第一種住宅區,19,2020-08-08 08:44:40.396705,2021-06-30 04:49:59.431077,,,,,"","","","","","",,,,"","","","","","","","",,"","","","","","","","","","","","","","","","","","","","","","","","","","","","","","","","","","","",""
228,50,"",203.04,1,4,1公寓(5樓含以下無電梯),第一種住宅區,169,2021-07-01 06:17:17.250473,2021-07-01 06:17:17.250473,,,,,"","","","","","",,,,"","","","","","","","",,"","","","","","","","","","","","","","","","","","","","","","","","","","","","","","","","","","","",""
229,368,"",109.88,1,5,2透天厝,第一種住宅區,170,2021-07-01 11:28:08.478615,2021-07-01 11:28:08.478615,,,,,"","","","","","",,,,"","","","","","","","",,"","","","","","","","","","","","","","","","","","","","","","","","","","","","","","","","","","","",""
230,378,"",115.40,1,1,2透天厝,第一種住宅區,164,2021-07-01 13:40:54.899211,2021-07-01 14:01:39.726383,,,,,"","","","","","",,,,"","","","","","","","",,"","","","","","","","","","","","","","","","","","","","","","","","","","","","","","","","","","","",""
231,1680棟次,"",114.32,1,1,12增建(持分後坪數打對折),第一種住宅區,164,2021-07-01 13:41:55.23818,2021-07-01 13:42:21.779614,,,,,"","","","","","",,,,"","","","","","","","",,"","","","","","","","","","","","","","","","","","","","","","","","","","","","","","","","","","","",""
232,增建,"",90.00,1,3,12增建(持分後坪數打對折),第一種住宅區,168,2021-07-02 23:58:33.018833,2021-07-02 23:58:33.018833,,,,,"","","","","","",,,,"","","","","","","","",,"","","","","","","","","","","","","","","","","","","","","","","","","","","","","","","","","","","",""
233,540,"",100.94,1,5,2透天厝,第一種住宅區,171,2021-07-15 23:52:54.694263,2021-07-15 23:52:54.694263,,,,,"","","","","","",,,,"","","","","","","","",,"","","","","","","","","","","","","","","","","","","","","","","","","","","","","","","","","","","",""
234,984,"",75.36,1,5,12增建(持分後坪數打對折),第一種住宅區,171,2021-07-15 23:54:17.446227,2021-07-16 05:19:11.831818,,,,,"","","","","","",,,,"","","","","","","","",,"","","","","","","","","","","","","","","","","","","","","","","","","","","","","","","","","","","",""
235,3242,"",83.84,1,3,1公寓(5樓含以下無電梯),第一種住宅區,172,2021-07-18 13:41:57.562787,2021-07-18 13:41:57.562787,,,,,"","","","","","",,,,"","","","","","","","",,"","","","","","","","","","","","","","","","","","","","","","","","","","","","","","","","","","","",""
236,38,"",171.17,1,12,2透天厝,第一種住宅區,173,2021-07-18 14:55:45.245484,2021-07-18 14:55:45.245484,,,,,"","",文正,"",66,"",,,,101.87,69.3,"","","","","","",,"",171.17,"",一層,二層,"","","",磚造,磚造,"","","",101.87,69.3,"","","","","","","","","","","","","","","","","","","","",""
237,777,"",74.00,1,4,1公寓(5樓含以下無電梯),第一種住宅區,174,2021-07-21 23:45:14.08908,2021-07-21 23:45:14.08908,,,,,"","","","","","",,,,"","","","","","","","",,"","","","","","","","","","","","","","","","","","","","","","","","","","","","","","","","","","","",""
238,1609,"",146.00,1,36,1公寓(5樓含以下無電梯),第一種住宅區,175,2021-07-23 13:42:07.001781,2021-07-23 13:53:46.837151,,,,,"","","","","","",,,,"","","","","","","","",,"","","","","","","","","","","","","","","","","","","","","","","","","","","","","","","","","","","",""
239,663 ,"",107.82,1,6,2透天厝,第一種住宅區,176,2021-07-25 06:51:21.480748,2021-07-25 06:51:21.480748,,,,,"","","","","","",,,,"","","","","","","","",,"","","","","","","","","","","","","","","","","","","","","","","","","","","","","","","","","","","",""
241,2414,"",66.61,1,6,12增建(持分後坪數打對折),第一種住宅區,176,2021-07-25 06:52:39.397249,2021-07-25 06:52:39.397249,,,,,"","","","","","",,,,"","","","","","","","",,"","","","","","","","","","","","","","","","","","","","","","","","","","","","","","","","","","","",""
242,2415,"",57.30,1,6,12增建(持分後坪數打對折),第一種住宅區,176,2021-07-25 06:52:39.405099,2021-07-25 06:52:39.405099,,,,,"","","","","","",,,,"","","","","","","","",,"","","","","","","","","","","","","","","","","","","","","","","","","","","","","","","","","","","",""
240,664,"",115.52,1,6,2透天厝,第一種住宅區,176,2021-07-25 06:51:21.499203,2021-07-25 06:55:11.939015,,,,,"","","","","","",,,,"","","","","","","","",,"","","","","","","","","","","","","","","","","","","","","","","","","","","","","","","","","","","",""
243,1785,"",64.27,2,3,2透天厝,第一種住宅區,177,2021-07-25 07:20:35.697932,2021-07-25 07:20:35.697932,,,,,"","","","","","",,,,"","","","","","","","",,"","","","","","","","","","","","","","","","","","","","","","","","","","","","","","","","","","","",""
244,2403,"",97.68,1,2,2透天厝,第一種住宅區,178,2021-07-25 07:41:38.978684,2021-07-25 07:41:38.978684,,,,,"","","","","","",,,,"","","","","","","","",,"","","","","","","","","","","","","","","","","","","","","","","","","","","","","","","","","","","",""
245,5534,"",21.57,1,2,12增建(持分後坪數打對折),第一種住宅區,178,2021-07-25 07:45:55.804246,2021-07-25 07:45:55.804246,,,,,"","","","","","",,,,"","","","","","","","",,"","","","","","","","","","","","","","","","","","","","","","","","","","","","","","","","","","","",""
246,暫266,"",140.25,5000,10000,2透天厝,第一種住宅區,179,2021-07-30 12:21:40.550906,2021-07-30 12:21:40.550906,,,,,南龍路,"","","",28,"",,,,46.75,46.75,46.75,"","","","","",,"",140.25,"",一層,二層,三層,"","","","","","","",46.75,46.75,46.75,"","","","","","","","","","","","","","","","","","","",""
247,385,"",117.86,1,2,1公寓(5樓含以下無電梯),第一種住宅區,181,2021-07-30 14:25:10.298683,2021-07-30 14:25:10.298683,,,,,"","","","","","",,,,"","","","","","","","",,"","","","","","","","","","","","","","","","","","","","","","","","","","","","","","","","","","","",""
248,190,"",125.87,1,2,1公寓(5樓含以下無電梯),第一種住宅區,182,2021-07-30 14:34:06.378053,2021-07-30 14:34:06.378053,,,,,"","","","","","",,,,"","","","","","","","",,"","","","","","","","","","","","","","","","","","","","","","","","","","","","","","","","","","","",""
249,486,"",120.53,1,2,1公寓(5樓含以下無電梯),第一種住宅區,180,2021-07-31 00:43:17.385364,2021-07-31 00:43:17.385364,,,,,"","","","","","",,,,"","","","","","","","",,"","","","","","","","","","","","","","","","","","","","","","","","","","","","","","","","","","","",""
251,增建,"",30.00,1,2,12增建(持分後坪數打對折),第一種住宅區,181,2021-08-02 04:56:41.343937,2021-08-02 04:56:41.343937,,,,,"","","","","","",,,,"","","","","","","","",,"","","","","","","","","","","","","","","","","","","","","","","","","","","","","","","","","","","",""
250,增建,"",125.00,1,2,12增建(持分後坪數打對折),第一種住宅區,182,2021-08-02 04:25:21.172803,2021-08-02 04:59:15.815405,,,,,"","","","","","",,,,"","","","","","","","",,"","","","","","","","","","","","","","","","","","","","","","","","","","","","","","","","","","","",""
252,3530,"",83.08,1,2,5住宅大樓(11層含以上有電梯),第一種住宅區,183,2021-08-04 12:47:13.846093,2021-08-04 12:47:13.846093,,,,,榮耀街,"","","",61-1,21,,,,83.08,"","","","","",陽台,20.01,,"",20.01,"",一層,"","","","",水泥,"","","","",83.08,"","","","",3612,3613,"","",6181.71,9441.66,"","",30/10000,14/10000,"","",陽台,雨遮,"",13.31,6.7,""
